Producto,Precio Descuento,Precio Internet,Precio Anterior
Notebook Gamer 15-fa1013la I7 16GB 1TB RTX4060 8GB,no encontrado,$ 1.699.990,no encontrado
"Notebook Pavilion x360 14-EK0003LA Intel Core i5-1235U 8GB RAM 512GB SSD 14"" FHD Táctil + Lápiz",$ 659.990,$ 679.990,$ 869.990
"Notebook Pavilion x360 14-EK0003LA Intel Core i5-1235U 8GB RAM 512GB SSD 14"" FHD Táctil + Lápiz",$ 659.990,$ 679.990,$ 869.990
"Notebook Gamer Victus 15-FB2019LA AMD Ryzen 7 8845HS 16GB RAM DDR5 1TB SSD RTX 4050 15.6"" FHD 144Hz",$ 1.149.990,$ 1.169.990,$ 1.499.990
Notebook Gamer Victus AMD Ryzen 7-8845HS 16RAM 512GB SSD NVIDIA GeForce RTX 4070 8GB vRAM 15.6,$ 1.219.990,$ 1.289.990,$ 1.999.990
"Notebook Gamer Victus 15-FB1007LA AMD Ryzen 5 7535HS 8GB RAM 512GB SSD RTX 2050 4GB 15,6"" FHD 144Hz",$ 719.990,$ 739.990,$ 959.990
"Notebook Ideapad 3 Intel Core i3 12va 8-Núcleos 8GB RAM 512GB SSD 15,6"" FHD IPS",$ 429.990,$ 449.990,$ 559.990
"Notebook TUF Gaming A15 FA506 AMD Ryzen 5 NVIDIA GeForce RTX 2050 8GB RAM 512GB SSD 15.6"" FHD 144Hz",$ 679.990,$ 699.990,$ 999.990
Notebook Gamer 15-fa1107la I5 8GB RAM 512GB SSD RTX2050 4GB,no encontrado,$ 1.039.990,no encontrado
"Notebook Gamer OMEN 14-FB0000LA Intel Core Ultra 7 16GB RAM 1TB SSD 14"" OLED 120Hz RTX 4060 Wi-Fi 7",$ 1.699.990,$ 1.719.990,$ 2.479.990
"Notebook Gamer TUF A16 AMD Ryzen 7 16GB RAM 512GB SSD AMD Radeon RX7700S 16"" WUXGA",$ 949.990,$ 1.019.990,$ 1.899.990
"Notebook Gamer Victus 16-R1015LA Intel Core i7-14650HX 16GB DDR5 1TB SSD RTX 4060 16,1"" FHD 144Hz",$ 1.329.990,$ 1.349.990,$ 1.859.990
"Notebook Vivobook Go 15 E1504 AMD Ryzen 5 8GB RAM 512GB SSD 15,6"" FHD 60 Hz",$ 489.990,$ 499.990,$ 629.990
Notebook 15-fc0022la AMD Ryzen 7 16 GB 512 GB SSD.,no encontrado,$ 757.990,no encontrado
"Notebook 14-EM0017LA AMD Ryzen5 7520U 8GB RAM 512GB SSD 14"" Full HD Webcam 1080p Wi-Fi 6",$ 479.990,$ 499.990,$ 634.990
"Notebook Vivobook 14 X1404 Intel Core i5 8GB RAM 512GB SSD 14"" FHD 60Hz",$ 499.990,$ 519.990,$ 689.990
"Notebook V14 Core i3 12va 6-Nucleos 8GB Ram 256GB SSD 14"" FHD Gris",$ 389.990,$ 409.990,$ 479.990
"Notebookt AL15-41P-R 15.6"" AMD RYZEN R7 32Gb Ram 512Gb SSD",$ 599.990,$ 619.990,$ 799.990
"Notebook Galaxy Book4 15.6"" Intel Core i7 16GB 512GB",no encontrado,no encontrado,no encontrado
Notebook Gamer 15-fa1107la I5 8GB RAM 512GB SSD RTX2050 4GB,no encontrado,$ 1.039.990,no encontrado
"Galaxy Book4 I5 15.6"" 512Gb 16Gb Ram",no encontrado,$ 619.990,no encontrado
"Notebook Gamer TUF Gaming F15 FX507 Intel Core I5 12 Nucleos NVIDIA GeForce RTX 3050 8GB RAM 512GB SSD 15,6"" FHD 144Hz",$ 779.990,$ 799.990,$ 1.099.990
"Notebook Gamer LOQ Intel Core i5-12450HX 16GB RAM 512GB SSD RTX 3050 15.6"" FHD IPS 144Hz NVIDIA G-Sync",$ 799.990,$ 819.990,$ 999.990
Notebook Gamer Legion Intel Core i9-14900HX 32GB RAM 1TB SSD NVIDIA GeForce RTX 4060 16 WQXGA 165Hz,$ 1.789.990,$ 1.839.990,$ 2.389.990
"Notebook Ideapad Slim 5 Intel Core i7-13620H 16GB RAM 512GB SSD 16"" WUXGA IPS 16:10",$ 799.990,$ 819.990,$ 929.990
Notebook Aspire Lite AL14-31P-31TH-1 Intel Core i3 8 Nucleos 16GB RAM 512GB SSD WUXGA,$ 449.990,$ 469.990,$ 629.990
MacBook Air 13.3 Chip M1 8GB RAM 256GB - Gris espacial,$ 729.990,$ 819.990,$ 1.089.990
"Notebook Ideapad Slim 5 Intel Core i5-12450H 8GB RAM 512GB SSD 14"" WUXGA 16:10",$ 599.990,$ 619.990,$ 699.990
"Notebook Gamer OMEN 14-FB0004LA Intel Core Ultra 9 32GB RAM 2TB SSD 14"" OLED 120Hz RTX 4070 Wi-Fi 7",$ 2.399.990,$ 2.419.990,$ 2.999.990
Notebook Gamer 16-wd0013la I7 16GB 1TB RTX4060 FHD 144 Hz,no encontrado,$ 2.209.990,no encontrado
"Notebook Gamer Victus 15-FA0026LA Intel Core i5-12450H 16GB RAM 512GB SSD RTX 3050 15,6"" FHD 144Hz",$ 829.990,$ 849.990,$ 1.129.990
Notebook 15-fd0048la Intel Core i5 8GB RAM 512GB SSD,no encontrado,$ 679.990,no encontrado
"Notebook Ideapad Slim 3 AMD Ryzen 7 16GB RAM 512GB SSD 15,6"" FHD IPS Retroiluminado",$ 669.990,$ 689.990,$ 759.990
"Notebook Vivobook Go 14 E1404 Intel Core i3 8GB RAM 512GB SSD 14"" FHD 60Hz",$ 419.990,$ 429.990,$ 549.990
"Notebook Gamer LOQ i5-12450HX 8GB RAM 512GB SSD RTX 2050 15,6"" FHD 144Hz G-Sync",$ 699.990,$ 719.990,$ 899.990
Notebook 14-ep0027la Intel Core i3 8GB Ram 512GB SSD,no encontrado,$ 519.990,no encontrado
"Notebook 15-FD0010LA Intel Core i3-N305 8GB RAM 512GB SSD 15,6"" FHD Wi-Fi 6 + Mochila",$ 479.990,$ 499.990,$ 649.990
"Notebook Gamer LOQ AMD Ryzen 7 24GB RAM 1TB SSD RTX 4050 15,6"" FHD 144Hz G-Sync",$ 1.249.990,$ 1.269.990,$ 1.299.990
"MacBook Air 13""(M2 (8n CPU ,8n GPU), 16GB RAM, 256GB SSD)-Color Blanco Estelar",no encontrado,no encontrado,no encontrado
"Notebook TUF Gaming A15 FA507 AMD Ryzen 7 NVIDIA GeForce RTX 4060 16GB RAM 512GB SSD 15.6"" FHD 144Hz",$ 1.299.990,$ 1.319.990,$ 1.769.990
"Notebook Zenbook 14 Oled Ux3405 Intel Core Ultra 7 16 Nucleos 16Gb Ram 512Gb Ssd 14"" 3K 120Hz",$ 1.149.990,$ 1.169.990,$ 1.489.990
"Notebook Pavilion 15-EG2519LA Intel Core i5-1235U 8GB RAM 512GB SSD 15,62 Full HD Wi-Fi 6",$ 599.990,$ 619.990,$ 749.990
"Notebook TUF Gaming A15 FA506 15.6"" AMD RYZEN R7 16GB RAM 512GB SSD NVIDIA GeForce RTX 3050",$ 879.990,$ 899.990,$ 1.089.990
"Notebook Ideapad Slim 3 AMD Ryzen 3 7320U 8GB 512GB SSD 15,6"" FHD",$ 399.990,$ 419.990,$ 529.990
"MacBook Pro (14,2"", M4 Pro (12n CPU, 16n GPU), 24GB RAM, 512GB SSD)",$ 2.499.990,$ 2.519.990,$ 2.759.990
"Notebook 348 G7 i3 8GB SSD 256GB 14"" W10 Pro.",no encontrado,$ 569.990,no encontrado
"MacBook Pro (14,2"", M4 (10n CPU, 10n GPU), 16GB RAM, 512GB SSD)",$ 1.979.990,$ 1.999.990,$ 2.189.990
Mac Mini M4 10C 16GB 256GB,$ 729.990,$ 749.990,$ 809.990
"Notebook Gamer ROG Strix SCAR 18"" G834 Intel Core i9 24 Nucleos NVIDIA GeForce RTX 4090 64GB RAM 2TB SSD 240Hz",$ 4.199.990,$ 4.219.990,$ 4.839.990
MacBook Air 2017 i5 8GB RAM 256GB 13.3 SSD Reacondicionado - Plata,$ 299.990,$ 309.990,$ 559.990
"Notebook Gamer Nitro Intel Core i7-12450H 16GB RAM 512GB SSD NVIDIA GeForce RTX 4060 15.6""",$ 1.049.990,$ 1.129.990,$ 1.499.990
Notebook ThinkPad P14s 4ta Gen AMD Ryzen™ 7 PRO 32GB RAM 512GB SSD 14 WUXGA,no encontrado,$ 1.799.990,no encontrado
Notebook Vivobook Pro 15 Ultra 9 24gb Ram 1tb Ssd Oled,no encontrado,$ 1.999.990,no encontrado
Notebook ThinkPad X1 Carbon 12va Gen Intel Core Ultra 7 32GB RAM 1TB SSD 14 WUXGA W11 Pro,no encontrado,$ 2.499.990,no encontrado
Notebook Gamer 15-fa1013la I7 16GB 1TB RTX4060 8GB,no encontrado,$ 1.699.990,no encontrado
Notebook Intel N4020 8GB 256GB SSD 141 W11H HerobookPro,no encontrado,$ 349.990,no encontrado
"Notebook 15-FC0022LA AMD Ryzen7 8 Núcleos 16GB RAM 512GB SSD 15,6"" FHD Wi-Fi 6 Webcam 1080p",$ 649.990,$ 669.990,$ 839.990
Notebook 15-fd0048la Intel Core i5 8GB RAM 512GB SSD,no encontrado,$ 679.990,no encontrado
"Notebook Gamer Victus 15-FB1007LA AMD Ryzen 5 7535HS 8GB RAM 512GB SSD RTX 2050 4GB 15,6"" FHD 144Hz",$ 719.990,$ 739.990,$ 959.990
Notebook 14-ep0027la Intel Core i3 8GB Ram 512GB SSD,no encontrado,$ 519.990,no encontrado
"MacBook Air 13""(M4 (10n CPU ,8n GPU), 16GB RAM, 256GB SSD)-Color Plata",$ 1.299.990,$ 1.319.990,$ 1.439.990
"Notebook Pavilion x360 14-EK1002LA Intel Core i7 13a Gen 16GB RAM 512GB SSD 14"" FHD Táctil + Lápiz",$ 949.990,$ 969.990,$ 1.069.990
"Notebook Gamer Victus 16-R1016LA Intel Core i7-14650HX 32GB DDR5 1TB SSD RTX 4070 16,1"" FHD 144Hz",$ 1.729.990,$ 1.749.990,$ 2.079.990
Notebook x360 14-ek0010la Intel Core i3 8GB RAM 512GB SSD,no encontrado,$ 829.990,no encontrado
"Ideapad 5 Pro Gen 9 Core Ultra 9 185H 32GB+1TB 16"" 2.5K 120HZ ARC Graphics + Artic Grey",$ 1.359.990,$ 1.379.990,$ 1.399.990
Notebook Ideapad Celeron 4GB 128GB 14 HD Win11 Azul,no encontrado,$ 399.990,no encontrado
Notebook Gamer LOQ AMD Ryzen 7 7435HS 16RAM 512GB SSD GeForce RTX 4070,$ 1.229.990,$ 1.299.990,$ 1.649.990
"Notebook 15-FC0022LA AMD Ryzen7 8 Núcleos 16GB RAM 512GB SSD 15,6"" FHD Wi-Fi 6 Webcam 1080p",$ 649.990,$ 669.990,$ 839.990
"Notebook Pavilion 15-EH3002LA AMD Ryzen 7 7730U 16GB RAM 512GB SSD 15,6"" Full HD Wi-Fi 6",$ 739.990,$ 759.990,$ 899.990
"Notebook Gamer Aspire 5 Laptop A515-58GM-56XX-1 15.6"" Intel Core I5 32GB Ram 512GB SSD RTX 2050",no encontrado,$ 1.069.990,no encontrado
"Notebook E41-50 i5 8GB SSD 512GB 14"" Windows 10 Pro",no encontrado,$ 699.990,no encontrado
Notebook Gamer LOQ AMD Ryzen 7 7435HS 16RAM 512GB SSD GeForce RTX 4070,$ 1.229.990,$ 1.299.990,$ 1.649.990
Notebook ROG Strix G16 i9 16gb ram 1tb ssd rtx 4060 165hz,no encontrado,$ 2.799.990,no encontrado
"Notebook 14-EP1000LA Intel Core Ultra 5 16GB RAM DDR5 512GB SSD 14"" FHD Webcam HD Wi-Fi 6",$ 719.990,$ 739.990,$ 839.990
"Notebook TUF Gaming F15 Intel i7 16gb 512ssd RTX 4060 15,6""",no encontrado,$ 1.999.990,no encontrado
"Notebook Gamer Victus 15-FB1007LA AMD Ryzen 5 7535HS 8GB RAM 512GB SSD RTX 2050 4GB 15,6"" FHD 144Hz",$ 719.990,$ 739.990,$ 959.990
"Notebook Ideapad 3 Ryzen 5 7520U 8GB RAM 512GB SSD 15.6"" Full HD",$ 489.990,$ 499.990,$ 569.990
"Notebook Gamer LOQ i7-13650HX 24GB RAM 512GB SSD RTX 4060 15,6"" FHD 144Hz G-Sync",$ 1.299.990,$ 1.319.990,$ 1.599.990
"Notebook Aspire Lite Laptop AL16-51P-71WK-1 16"" Intel Core i7 16GB 512GB",$ 719.990,$ 939.990,no encontrado
Notebook Gamer Victus AMD Ryzen 7-8845HS 16RAM 512GB SSD NVIDIA GeForce RTX 4070 8GB vRAM 15.6,$ 1.219.990,$ 1.289.990,$ 1.999.990
"Notebook Gamer Legion 7 Core i9-14900HX 32GB RAM 1TB SSD RTX 4070 8GB 16"" 3.2K 165HZ G-Sync",$ 2.579.990,$ 2.599.990,$ 2.649.990
Notebook Tuf Gaming A15 Ryzen 7 16gb Ram 512gb Rtx 3050,no encontrado,$ 999.990,no encontrado
MacBook Air 13.3 Chip M1 8GB RAM 256GB - Plata,$ 729.990,$ 819.990,$ 1.089.990
Notebook Rog Strix G16 Qhd 2.5K 240hz I9 14900hx 24 CORES SSD 1TB 32GB DDR5 NVIDIA Rtx 4070 8GB,no encontrado,no encontrado,no encontrado
Notebook Gamer 16-xf0005la R9 32GB 1TB RTX4070 8GB,no encontrado,$ 2.819.990,no encontrado
"Nitro V 15 GAMING AMD Ryzen 5 512GB SSD 16GB 15.6"" FHD 144Hz RTX 4050 6G WIN11",$ 839.990,$ 889.990,$ 1.119.990
Notebook 15-eg2503la Intel Core i5 16GB RAM 512GB SSD,no encontrado,$ 889.990,no encontrado
Notebook OMEN 16-wf0002la Intel Core i9 32 GB RAM NVIDIA GeForce RTX 4070 1 TB SSD.,no encontrado,$ 2.999.990,no encontrado
"MacBook Pro (16,2"", M4 Pro (14n CPU, 20n GPU), 24GB RAM, 512GB SSD)",$ 2.999.990,$ 3.019.990,$ 3.339.990
"Notebook Ideapad Slim 3 AMD Ryzen 5 7520U 8GB 512GB SSD 15,6"" FHD + Bolso Regalo",$ 499.990,$ 519.990,$ 549.990
Galaxy Book4 15.6 Intel Core i7 16GB Silver,no encontrado,$ 999.990,no encontrado
Notebook Gamer LOQ 9na Gen AMD Ryzen 5 24GB RAM 512GB SSD NVIDIA RTX™ 3050 15,no encontrado,$ 1.249.990,no encontrado
Notebook Gamer A515-58GM-56XX-1 Intel Core i5 8 Nucleos 16GB RAM 512GB SSD RTX 2050,no encontrado,$ 1.069.990,no encontrado
Notebook 15-eg2503la Intel Core i5 16GB RAM 512GB SSD,no encontrado,$ 889.990,no encontrado
Notebook 156 Intel Core I5 32 Gb Ram 512 Gb,no encontrado,$ 699.990,no encontrado
Notebook Zenbook 14 Oled Intel Core U7 16gb 512gb Ssd,no encontrado,$ 1.499.990,no encontrado
NOTEBOOK 245 G9 R3-3250U 8GB 256GB W11Home,no encontrado,$ 419.990,no encontrado
"Notebook Gamer Victus RTX 3050 Intel i5-12450H 8GB RAM 512GB SSD 15.6"" 144Hz",$ 689.990,$ 719.990,$ 889.990
"Notebook E41-55, Ryzen 3 3300U, 8GB Ram, SSD 256GB, LED 14"" FHD, W10 Pro",no encontrado,$ 599.990,no encontrado
"Galaxy Book 3 360 (15,6"", I7, 8gb, 512gb)",no encontrado,$ 1.399.990,no encontrado
"Notebook Gamer Victus 15-FA1005LA Intel Core i5-12450H 8GB RAM 512GB SSD RTX 2050 4GB 15,6"" 144Hz",$ 719.990,$ 739.990,$ 919.990
Notebook Gamer 15-fa1010la I5 8GB RAM 512GB SSD RTX2050 4GB,no encontrado,$ 1.069.990,no encontrado
"Notebook Gamer Victus 16-R1016LA Intel Core i7-14650HX 32GB DDR5 1TB SSD RTX 4070 16,1"" FHD 144Hz",$ 1.729.990,$ 1.749.990,$ 2.079.990
"Macbook Air 2019, 13.3'', 128 GB, RAM 8 GB, Plateado, Reacondicionado.",no encontrado,$ 599.990,no encontrado
"Notebook Gamer ROG Strix G16 G614 Intel Core i9 24 Nucleos NVIDIA GeForce RTX 4060 16GB RAM 1TB SSD 16"" FHD+ 165Hz",$ 1.999.990,$ 2.019.990,$ 2.549.990
"Thinkpad t480, ssd 256 gb , 16 gb en ram",no encontrado,no encontrado,no encontrado
Notebook Pavilion 2 en 1 14-ek1013la Intel Core i3 8GB RAM 512GB SSD,no encontrado,$ 939.990,no encontrado
MacBook Air 2017 i5 8GB RAM 128GB 13.3'' SSD Reacondicionado - Plata,$ 279.990,$ 289.990,$ 529.990
"Notebook Ideapad Slim 3 Intel Core i7-13620H 16GB RAM 512GB SSD 14"" FHD",$ 799.990,$ 819.990,$ 849.990
"Notebook Ideapad Slim 3 Táctil Intel Core i5-12450H 16GB RAM 1TB SSD 15,6"" FHD",$ 749.990,$ 769.990,$ 819.990
Notebook 14-em0015la AMD Ryzen 7 8GB RAM 512GB SSD,no encontrado,$ 769.990,no encontrado
Notebook E41-55 4GB SSD 256GB W 10H 14,no encontrado,$ 489.990,no encontrado
"MacBook Air 15""(M4 (10n CPU ,10n GPU), 24GB RAM, 512GB SSD)-Color Plata",$ 2.099.990,$ 2.119.990,$ 2.299.990
"Yoga Book 9i Core Ultra 7 155U 32GB+1TB 13.3"" 2.8K OLED 400N Touch + Intel EVO Digital Pen 3 + Mouse + Tidal Teal",$ 2.479.990,$ 2.499.990,$ 2.559.990
Notebook Pavilion x360 14-ek0009la Intel Core i5 8GB RAM 512GB SSD,no encontrado,$ 831.450,no encontrado
Notebook Pavilion 2 en 1 14-ek1013la Intel Core i3 8GB RAM 512GB SSD,no encontrado,$ 939.990,no encontrado
Notebook Pavilion 2 en 1 14-ek1013la Intel Core i3 8GB RAM 512GB SSD,no encontrado,$ 939.990,no encontrado
Notebook 15-eg2503la Intel Core i5 16GB RAM 512GB SSD,no encontrado,$ 889.990,no encontrado
"Notebook ThinkPad P16s 3ra Gen Intel Core Ultra 9 VPro 64GB RAM 1TB SSD 16"" WQUXGA W11 Pro",no encontrado,$ 2.699.990,no encontrado
"Notebook 348 G7 i5 8GB SSD 256GB 14"" W10 Pro.",no encontrado,$ 779.990,no encontrado
Notebook Pavilion x360 14-ek0009la Intel Core i5 8GB RAM 512GB SSD,no encontrado,$ 831.450,no encontrado
Notebook Gamer 16-wf0008la I9 32GB 1TB RTX4070 8GB,no encontrado,$ 2.559.990,no encontrado
Notebook Pavilion 15-eg2515la I7 8GB RAM 512GB SSD,no encontrado,$ 899.990,no encontrado
Notebook 250 G10 i5-1334U 8GB 512GB 156″ Freedos 9E4Y4LT,no encontrado,$ 699.990,no encontrado
Notebook Gamer 15-fa1010la I5 8GB RAM 512GB SSD RTX2050 4GB,no encontrado,$ 1.069.990,no encontrado
Notebook 2 en 1 Pavilion 14-ek1011la I5 8GB RAM 512GB SSD,no encontrado,$ 959.990,no encontrado
HP Intel core i7 con 16GB de Ram disco SSD y pantalla tactil,no encontrado,$ 999.990,no encontrado
"IMac (24"", M4 (10n CPU, 10n GPU), 16GB RAM, 256GB SSD, 4 puertos, Vidrio nanotexturizado)",$ 2.039.990,$ 2.059.990,$ 2.249.990
Notebook Gamer Omen Intel Core i7-14700HX 16GB RAM 1TB SSD NVIDIA GeForce RTX 4070 144Hz,$ 1.549.990,$ 1.609.990,$ 2.199.990
Notebook ThinkPad E14 5ta Gen Intel Core i7 16GB RAM 512GB SSD 14 WUXGA W11P,no encontrado,$ 1.299.990,no encontrado
MacBook Air Chip M2 13 8GB RAM 256GB SSD Gris Espacial Reacondicionado,no encontrado,$ 1.119.990,no encontrado
MacBook M4 24G 512G Silver,$ 2.999.990,$ 3.019.990,$ 3.339.990
"Notebook Zenbook DUO UX8406 Intel Core Ultra 9 16 Núcleos 32GB RAM 1TB SSD 14"" 3K 120Hz",$ 2.049.990,$ 2.069.990,$ 2.349.990
Notebook ThinkPad T16 3ra Gen Intel Core Ultra 7 32GB RAM 512GB SSD 16 WUXGA W11 Pro,no encontrado,$ 1.799.990,no encontrado
MacBook Air 13 pulgadas Chip M2 16GB RAM 256GB SSD Blanco Estelar,no encontrado,$ 1.329.990,no encontrado
"Ideapad Slim 5 Gen 9 Core Ultra 5 125H 16+512GB 14"" WUXGA 300N ARC Graphics + T.Retroiluminado + Cloud Grey",$ 759.990,$ 779.990,$ 929.990
Notebook 14-em0004la AMD Ryzen 3 8 GB RAM 512 GB SSD.,no encontrado,$ 559.990,no encontrado
Notebook Gamer Victus AMD Ryzen 5-7535HS 8GB RAM 512GB SSD AMD RX 6550M 4GB144Hz,$ 629.990,$ 669.990,$ 749.990
Notebook AL16-31P-36HW-1 / Intel Core i3 8 Núcleos / 16GB RAM / 512GB SSD / 16',no encontrado,$ 599.990,no encontrado
"ProBook 440 G10 i5-1335U 32GB RAM 1TB SSD NVIDIA RTX 2050 14"" HD Win 11 Home",no encontrado,$ 999.990,no encontrado
Notebook 14-em0001la AMD Ryzen 3 8GB RAM 256GB.,no encontrado,$ 559.990,no encontrado
"MacBook Air 2017 Intel i5 8GB RAM 256GB SSD 13"" - Reacondicionado",no encontrado,$ 399.990,no encontrado
NOTEBOOK THINKPAD AMD RYZEN 7 PRO DISCO SOLIDO,no encontrado,$ 589.990,no encontrado
NOTEBOOK THINKPAD T495 RYZEN I7 8GB DE RAM,no encontrado,$ 799.990,no encontrado
Notebook 15-fd0036la Intel Core i3 8GB RAM 512GB SSD,no encontrado,$ 541.170,no encontrado
Notebook Intel N4020 8GB 256GB SSD 141 W11H HerobookPro,no encontrado,$ 349.990,no encontrado
NOTEBOOK INTEL CORE I5 THINKPAD DISCO SOLIDO,no encontrado,$ 799.990,no encontrado
Notebook ThinkPad E14 G2 8GB SSD 256GB 14 FHD W10 Home.,no encontrado,$ 599.990,no encontrado
Ideapad 1 con Intel Core i5 y Disco Solido de 512GB,no encontrado,$ 679.990,no encontrado
Vivobook S5406S Intel Ultra 7-258V 32GB Ram 1TB SSD,no encontrado,$ 1.499.990,no encontrado
Notebook VAIO FE Series con Intel Core i7 y 16GB Ram,no encontrado,$ 999.990,no encontrado
NOTEBOOK THINKPAD INTEL CORE I5,no encontrado,$ 799.990,no encontrado
NOTEBOOK THINKPAD INTEL CORE I5 DISCO SOLIDO,no encontrado,$ 900.000,no encontrado
REACONDICIONADO B Notebook ThinkPad L470 i5-7200U 8GB 1TB SSD 14,no encontrado,$ 359.990,no encontrado
"Notebook Acer Chromebook 315 15.6"" FHD Intel Celeron N4500 4GB RAM 64GB eMMC + Funda Protectora",no encontrado,no encontrado,no encontrado
Notebook Envy x360 156 FHD Core Ultra 7 16GB 512GB SSD Pantalla Táctil Plateado,no encontrado,$ 1.149.990,no encontrado
Notebook Thinkpad t 480 i7 Octava G,no encontrado,no encontrado,no encontrado
"Macbook Pro 2017, i7, 15.4'', 16 GB RAM, 256 GB SSD, Gris Espacial - Reacondicionado",no encontrado,$ 679.990,no encontrado
Notebook 245 G9 Ryzen 3 3250U 8GB RAM SSD 256GB Windows 11 – 7F211LT,no encontrado,$ 489.990,no encontrado
"MacBook Pro, 16 GB de RAM, 1 TB SSD, gris espacial - Reacondicionado",no encontrado,$ 999.990,no encontrado
"Notebook Latitude 5310, I7-10610U,16GB RAM, 256 GB SSD,REACONDICIONADO GRADO B",no encontrado,no encontrado,no encontrado
"THINKPAD L580 , SSD DE 512 GB , 16 GB EN RAM",no encontrado,no encontrado,no encontrado
Notebook L13 Core I5 10ma Gen 8gb de ram y 512gb SSD,no encontrado,$ 999.990,no encontrado
Notebook Thinkpad Intel core i5 8 GB RAM T470,no encontrado,$ 750.000,no encontrado
"Notebook EliteBook 845 G8 Ryzen 5 SSD 512GB 16GB 14""FHD Wind 11 Pro",no encontrado,$ 1.299.990,no encontrado
"Notebook 245 G9 AMD R3 3250U RAM 16GB SSD 1TB 14"" W11 Pro",no encontrado,$ 569.990,no encontrado
Notebook 460 I5 6TH - 8GB - 256GB Win11-Office365 Reacondicionado,no encontrado,$ 649.000,no encontrado
Notebook Latitude core i5 8 gb de ram y disco ssd,no encontrado,$ 850.000,no encontrado
"Notebook 245 G9 AMD R3 3250U RAM 16GB SSD 512GB 14"" W11 Pro",no encontrado,$ 519.990,no encontrado
"Notebook 245 G9 AMD R3 3250U RAM 32GB SSD 1TB 14"" W11 Pro",no encontrado,$ 629.990,no encontrado
"Notebook Thinkbook 14 G3 Ryzen 7 16GB SSD 512GB 14"" Windows 10 Pro",no encontrado,$ 1.299.990,no encontrado
Notebook ZBook Power 16 G11 Ultra 9 64GB RAM 1TB SSD RTX2000 Windows 11 Pro,no encontrado,no encontrado,no encontrado
Notebook Spectre x360 14-EF2001LA Intel Core i7-1355U 16GB RAM 1TB SSD Pantalla 3K2K OLED + Lápiz,$ 1.449.990,$ 1.469.990,$ 1.899.990
Notebook 2 en 1 Pavilion 14-ek1012la I5 8GB RAM 512GB SSD,no encontrado,$ 939.990,no encontrado
Notebook 15-fd0036la Intel Core i3 8GB RAM 512GB SSD,no encontrado,$ 541.170,no encontrado
"Notebook Ideapad Slim 3 AMD Ryzen 3 7320U 8GB 512GB SSD 15,6"" FHD",$ 399.990,$ 419.990,$ 529.990
"MacBook Pro 2019 16"" Intel Core i7 Gris Espacial 16GB RAM 512GB SSD Reacondicionado",no encontrado,$ 799.990,no encontrado
"MacBook Pro 2019 16"" Intel Core i7 Plata 16GB RAM 512GB SSD Reacondicionado",no encontrado,$ 799.990,no encontrado
MacBook Air 13.3 Chip M1 8GB RAM 256GB - Gris espacial,$ 729.990,$ 819.990,$ 1.089.990
Notebook 2 en 1 Pavilion 14-ek1012la I5 8GB RAM 512GB SSD,no encontrado,$ 939.990,no encontrado
Notebook Thinkpad Core i5,no encontrado,$ 750.000,no encontrado
Computador Thinkpad t460 S,no encontrado,no encontrado,no encontrado
"Notebook Ideapad Slim 3 AMD Ryzen 5 7520U 8GB 512GB SSD 15,6"" FHD + Bolso Regalo",$ 499.990,$ 519.990,$ 549.990
"Notebook Gamer TUF A16 AMD Ryzen 7 16GB RAM 512GB SSD AMD Radeon RX7700S 16"" WUXGA",$ 949.990,$ 1.019.990,$ 1.899.990
"LATITUDE 5411 CORE™ I5-10400 512GB SSD 16GB 14"" FHD WIN10 PRO",no encontrado,$ 999.000,no encontrado
Notebook thinkpad CORE I5 8 GB DE RAM,no encontrado,$ 799.990,no encontrado
NOTEBOOK CORE i5 ELITEBOOK DISCO SSD,no encontrado,$ 799.990,no encontrado
NOTEBOOK CORE I5 DISCO SOLIDO,no encontrado,$ 699.999,no encontrado
Latitude 5420 Intel Core i7 11th Gen 32GB 512 SSD - Reacondicionado,no encontrado,no encontrado,no encontrado
NOTEBOOK INTEL CORE I5 THINKPAD DISCO SOLIDO,no encontrado,$ 750.000,no encontrado
Latitude 7480 -14 pulgadas - Core i5 - 8GB de RAM - SSD de 128 GB - Reacondicionado,no encontrado,$ 399.990,no encontrado
Notebook core i5 thinkpad 8 gb de ram .,no encontrado,$ 750.000,no encontrado
Notebook CORE I5 Elitebook SSD,no encontrado,$ 799.990,no encontrado
Notebook Laptop M415 Ryzen 7 8GB RAM 256GB SSD Reacondicionado,no encontrado,$ 819.990,no encontrado
Notebook CORE I5 8 GB DE RAM Y DISCO SSD,no encontrado,$ 800.000,no encontrado
Notebook 240 G10 Intel Core i3 8GB RAM 512GB SSD,no encontrado,$ 569.990,no encontrado
Notebook E7280 Advanced Windows 11 - Office365 Reacondicionado,no encontrado,$ 549.000,no encontrado
Notebook Envy 2 in 1 16-ad0003la AMD Ryzen 7 16GB RAM 1TB SSD,no encontrado,$ 1.429.990,no encontrado
Macbook Pro 16'' Core I7 16GB RAM 512GB SSD Gris (2019) Reacondicionado,no encontrado,$ 1.599.990,no encontrado
Notebook Thinkpad E14 G2 I3-1115G4 4GB 256SSD W10 Home.,no encontrado,$ 799.990,no encontrado
"NOTEBOOK presicion 5550, 17-10875h 32gb RAM 512gb SSD Nvidia Quadro T2000 4gb GRADO A",no encontrado,no encontrado,no encontrado
Notebook Latitude 7300 / Intel Core i7 8650U/ 256GB SSD / 16GB Ram / TACTIL 13.3 FHD GRADO B,no encontrado,no encontrado,no encontrado
Notebook E140 14 pulgadas Intel Celeron 6GB RAM 64 ROM WINDOWS 10 PRO 9000 mAh,$ 236.990,$ 249.990,$ 499.990
"Notebook Gamer Nitro Intel Core i7-12450H 16GB RAM 512GB SSD NVIDIA GeForce RTX 4060 15.6""",$ 1.049.990,$ 1.129.990,$ 1.499.990
NOTEBOOK CORE I5 DECIMA GEN 8 GB DE RAM Y 500 GB DE DISCO SSD,no encontrado,$ 800.000,no encontrado
Latitude 7480 -14 pulgadas- Core i5 - 8GB de RAM - SSD de 256 GB - Reacondicionado,no encontrado,$ 399.990,no encontrado
NOTEBOOK CORE I5 DISCO SOLIDO,no encontrado,$ 799.990,no encontrado
Notebook 5400 CORE i5 8va gen 8gb de ram ssd de 256GB,no encontrado,$ 999.990,no encontrado
NOTEBOOK PROBOOK 445 G10 R7-7730U 16GB 512GB W11Pro,no encontrado,$ 1.099.990,no encontrado
"Notebook 245 G9 AMD R3 3250U RAM 8GB SSD 512GB 14"" W11 Pro",no encontrado,$ 499.990,no encontrado
Notebook VivoBook X571 Core i5 8GB RAM 512GB SSD Reacondicionado,no encontrado,$ 799.990,no encontrado
Notebook t470 Core I5 8gb de ram y 500 hdd,no encontrado,$ 899.990,no encontrado
MacBook Pro 13 Core i5 8GB RAM 256GB SSD Gris Reacondicionado,no encontrado,$ 1.299.990,no encontrado
IdeaPad 3 15ALC6 con Ryzen 7 y Pantalla Tactil,no encontrado,$ 899.999,no encontrado
Notebook ProBook 440 G11 Intel Core Ultra 7 16GB RAM 512GB SSD,no encontrado,$ 1.249.990,no encontrado
Notebook thinkpad T490 i7 Generación,no encontrado,$ 867.000,no encontrado
NOTEBOOK INTEL CORE i5 8 GB DE RAM Y DISCO SOLIDO,no encontrado,$ 799.990,no encontrado
Notebook Gamer 15-fb2024la R5 16GB RAM 1TB SSD RTX4060 8GB,no encontrado,$ 1.409.990,no encontrado
NOTEBOOK PROBOOK CORE I7 DISCO SOLIDO,no encontrado,$ 690.000,no encontrado
Notebook Latitude E7470 i5 256GB SSD 8GB RAM 14 - Reacondicionado,no encontrado,$ 599.990,no encontrado
Notebook CORE i5 DISCO SOLIDO,no encontrado,$ 790.000,no encontrado
Notebook 250 G10 I5-1334U 8GB Ram 512GB SSD W11P,no encontrado,no encontrado,no encontrado
Notebook INTEL CORE I5 14 SSD,no encontrado,$ 970.000,no encontrado
Notebook con procesador Intel i7 8GB de Ram y disco SSD de 512GB,no encontrado,no encontrado,no encontrado
"Notebook V14 IGL Celeron N4020 SSD 256 + 1TB HDD 4 GB RAM 14"" HD W10 Home (Reacondicionado)",no encontrado,no encontrado,no encontrado
Notebook 14 Intel Core i5 8 GB RAM 256 SSD,no encontrado,$ 799.990,no encontrado
NOTEBOOK AMD RYZEN 7 PRO THINKPAD DISCO SOLIDO,no encontrado,$ 589.990,no encontrado
"MacBook Air 2020, 8 GB de RAM, 128 GB SSD, gris espacial, Reacondicionado",no encontrado,$ 839.990,no encontrado
X1 Yoga Intel Core I5 16Ram 512 SSD - Reacondicionado,no encontrado,no encontrado,no encontrado
"Notebook Aero 16 BKF - 16"" OLED, 4K UHD 60Hz, i7-13700H, 16GB RAM, 1TB SSD, RTX 4060",no encontrado,$ 3.599.880,no encontrado
NOTEBOOK Latitude 3400 14″ i5 8GB 256GB SSD Reacondicionado Grado A,no encontrado,no encontrado,no encontrado
"Notebook Aero 16 BKF - 16"" OLED, 4K UHD 60Hz, i7-13700H, 16GB RAM, 1TB SSD, RTX 4060",no encontrado,$ 3.599.880,no encontrado
Notebook Gamer Rog Strix G16 Intel Core I9 16gb 1tb Ssd 16 RTX4060,no encontrado,no encontrado,no encontrado
Notebook core i5 thinkpad 8 gb de ram,no encontrado,$ 750.000,no encontrado
Notebook 156 Pantalla Táctil Intel Core i3 8GB RAM 256GB SSD Plateado,no encontrado,$ 529.990,no encontrado
Notebook THINKPAD 14 CORE I5 8 GB DE RAM Y 256 GB DE DISCO DURO,no encontrado,$ 600.000,no encontrado
MacBook Pro A1708 Core i5 16GB RAM 512GB SSD Reacondicionado A,no encontrado,$ 999.990,no encontrado
Notebook ThinkPad E14 Gen 2 i7 1165G7-512GB-SSD-16GB Ram- REACONDICIONADO GRADO A,no encontrado,no encontrado,no encontrado
Notebook Gamer ROG Flow X13 GV301QH Ryzen 9 32GB RAM 1TB SSD Reacondicionado,no encontrado,$ 3.599.990,no encontrado
Notebook thinkpad Carbon,no encontrado,no encontrado,no encontrado
Notebook core i5 8 gb de ram y disco solido OCTAVA GEN.,no encontrado,$ 750.000,no encontrado
Notebook CORE I5 DISCO SOLIDO,no encontrado,$ 699.990,no encontrado
Notebook Core i5 8 GB DE RAM Y DISCO SOLIDO.,no encontrado,$ 649.980,no encontrado
V15 G3 con W11 Pro disco SSD y 16GB Ram,no encontrado,$ 899.990,no encontrado
"MacBook Air 2015, Intel i5, 8 GB RAM, 128 GB SSD 13"" Reacondicionado - Plata",no encontrado,$ 389.990,no encontrado
440 G2 CORE I7 4510U 16 GB DDR3 SSD 256 GB HDMI,no encontrado,$ 255.990,no encontrado
Notebook Thinkpad AMD RYZEN 7 PRO 8 GB DE RAM 512 GB DISCO DURO SOLIDO,no encontrado,$ 650.000,no encontrado
Latitude 5420 32GB RAM 512GB SSD (Reacondidionado),no encontrado,$ 799.990,no encontrado
Notebook Gamer Victus Intel Core I7-12650H 16GB RAM 512GB SSD NVIDIA GeForce RTX 4050,$ 1.099.990,$ 1.139.990,$ 1.489.990
Notebook 840 G4 i5-8250 16GB 240GB W10P (Reacondicionado),no encontrado,$ 319.900,no encontrado
"Galaxy Book4 Ultra 16"" Core Ultra 9 32GB Moonstone Gray",$ 2.479.990,$ 2.499.990,$ 3.499.990
"Notebook Elitebook 840 G8 I5-1135g7 16Gb 512Gb Win10P Fhd Led 14""",no encontrado,$ 1.762.900,no encontrado
Notebook LOQ 9na Gen AMD Ryzen 7 16GB RAM 512GB SSD NVIDIA RTX 4060 15,no encontrado,no encontrado,no encontrado
Soporte LED 32' a 55' Fijo Hasta 29Kg XTA-325 Negro,no encontrado,no encontrado,no encontrado
"Notebook Probook 440 G5 I5-8250U 8gb 240gb Win10P 14"" (Reacond.)",no encontrado,$ 349.900,no encontrado
"Notebook 245 G10 R5-7530u 8gb 512gb W11H 14""",no encontrado,$ 722.900,no encontrado
Ultrabook Intel Core i7 256 GB SSD 8GB RAM-Reacondicionado-Importante Equipo sin Bateria,no encontrado,$ 789.990,no encontrado
Notebook Reacondicionado Thinkpad Edge E431 Intel Core i3 con 240 GB SSD.,no encontrado,$ 299.990,no encontrado
Notebook Probook Reacondicionado 6470b Intel Core i5 con 240 GB SSD y 4 GB de RAM,no encontrado,$ 449.980,no encontrado
Notebook ThinkBook 16 7ma Gen Intel Core Ultra 5 16GB RAM 512GB SSD 16 WUXGA,no encontrado,$ 1.199.990,no encontrado
Notebook ThinkPad E14 6ta Gen Intel Core Ultra 7 16GB RAM 512GB SSD 14 WUXGA W11 Pro,no encontrado,$ 1.399.990,no encontrado
Notebook IdeaPad Slim 3 AMD Ryzen 5 8GB RAM 512GB SSD W11 14'',no encontrado,$ 749.990,no encontrado
Notebook Book4 Intel Core5 8GB RAM 512GB SSD FHD,no encontrado,$ 899.990,no encontrado
Notebook thinkpad T470 i7 Sesta G,no encontrado,no encontrado,no encontrado
Notebook core i5 thinkpad 8 gb de ram .,no encontrado,$ 750.000,no encontrado
Notebook 5400 CORE i5 8va gen 8gb de ram ssd de 256GB,no encontrado,$ 999.990,no encontrado
Notebook Thinkpad T470 Intel core i5 8 GB RAM,no encontrado,$ 750.000,no encontrado
Notebook CORE I5 DISCO SOLIDO,no encontrado,$ 800.000,no encontrado
Notebook Hybook Qualcomm 4GB 128GB SSD 14 HD Win11,no encontrado,$ 249.990,no encontrado
Notebook INTEL CORE I7 14 PULGADAS DISCO SOLIDO,no encontrado,$ 799.990,no encontrado
Notebook L470 Intel Core i7-6500U 16GB RAM 512GB SSD,no encontrado,$ 399.990,no encontrado
"Notebook i3-1005G1/ 4GB Ram/ 1TB HDD/ 14"" HD/ W10H/Vostro 3401",no encontrado,$ 439.990,no encontrado
Notebook Ultra Slim 14.1 I3-10th 4gb 128gb Ssd Negro,no encontrado,$ 346.489,no encontrado
Notebook ELITEBOOK 14 CORE I7 DISCO SOLIDO,no encontrado,$ 970.000,no encontrado
Notebook CORE I5 8 GB DE RAM Y 256 GB DISCO SSD,no encontrado,$ 1.000.000,no encontrado
Notebook Gamer ANV15-51-97WF-1Intel Core i9 13900H NVIDIA RTX4060 32GBRAM1TB SSDPantalla 156,no encontrado,$ 1.999.990,no encontrado
NOTEBOOK THINKPAD INTEL CORE I5,no encontrado,$ 699.990,no encontrado
"Notebook Gamer Intel Core i9-13900HX 32GB RAM 1TB SSD NVIDIA GeForce RTX 4070 16"" QHD 240Hz",no encontrado,$ 2.299.990,no encontrado
"Notebook Gamer Intel Core i9-13900HX 16GB RAM 1TB SSD RTX 4070 16"" QHD+ 240Hz",no encontrado,$ 2.289.990,no encontrado
Notebook Vivobook 16 Intel Core I7 12gb Ram 512gb Ssd,no encontrado,$ 999.990,no encontrado
Notebook Vivobook S16 Intel i7 16Gb Ram 512Gb SSD 16,no encontrado,$ 1.049.990,no encontrado
Notebook INTEL CORE I5 8 gb de ram disco solido,no encontrado,$ 799.990,no encontrado
Notebook ELITEBOOK INTEL CORE I7 8 GB DE RAM Y DISCO SOLIDO,no encontrado,$ 970.000,no encontrado
Notebook 250 G10 I5-1334U 16GB Ram 1TB SSD W11P 156,no encontrado,no encontrado,no encontrado
M509DA-TB71 Ryzen 7 con Video dedicado,no encontrado,$ 699.999,no encontrado
M509DA-MH71-CB con Ryzen 7 y Videdo dedicado,no encontrado,$ 699.999,no encontrado
NOTEBOOK CORE I5 DISCO SOLIDO,no encontrado,$ 799.990,no encontrado
Notebook 14 CORE I5 8 GB DE RAM Y DISCO SOLIDO,no encontrado,$ 770.000,no encontrado
NOTEBOOK CORE I5 8 GB DE RAM Y DISCO SOLIDO THINKPAD,no encontrado,$ 699.990,no encontrado
Notebook / Intel Core i3 8 Núcleos / 8GB RAM / 512GB SSD / 16',no encontrado,$ 599.990,no encontrado
Notebook Gamer A515-58GM-56XX-11 Intel Core i5 8 Nucleos 32GB RAM 512GB SSD RTX 2050,no encontrado,$ 1.069.990,no encontrado
Notebook AL14-31P-31TH-1 Intel Core i3 8 Nucleos 16GB RAM 512GB SSD WUXGA,no encontrado,$ 629.990,no encontrado
NOTEBOOK INTEL CORE I5 THINKPAD 8 GB DE RAM,no encontrado,$ 750.000,no encontrado
Notebook 250 G10 I7-1355U 16GB Ram 1TB SSD W11Pro,no encontrado,no encontrado,no encontrado
Notebook Vivobook Go 14 I3 8gb Ram 512gb Ssd 14',no encontrado,no encontrado,no encontrado
Notebook Vivobook Go 14 Amd R5 8gb Ram 512gb Ssd 14',no encontrado,$ 799.990,no encontrado
"Notebook IdeaPad 3-14IIL05 i5 8GB SSD 256GB 14"" Windows 10 Pro",no encontrado,$ 699.990,no encontrado
NOTEBOOK ELITEBOOK 840 CORE I7 DISCO SOLIDO,no encontrado,$ 970.000,no encontrado
Macbook Pro 2017 i5 8GB 256GB Retina SSD Reacondicionado 13.3'' - Gris Espacial,no encontrado,$ 719.990,no encontrado
Macbook Pro 2017 i5 8GB 256GB Retina SSD 13.3'' Reacondicionado - Plata,no encontrado,$ 719.990,no encontrado
Notebook Latitude 7400 I5 8GB SSD 256GB W10 Profesional.,no encontrado,$ 1.399.990,no encontrado
"Macbook Air 13"" Core i5 8GB RAM - 128GB SSD (2017) Reacondicionado",no encontrado,$ 699.990,no encontrado
Notebook V14 IIL i5-1035 G1 4GB SSD 256GB W10HOME 14 HD.,no encontrado,$ 629.990,no encontrado
M509DA-MB71 Ryzen 7 y disco solido,no encontrado,$ 899.990,no encontrado
Notebook X390 I5 8TH - 8GB - 256GB - Tactil Win11-Office365 Reacondicionado,no encontrado,$ 799.000,no encontrado
Notebook X390 I5 8TH - 16GB - 512GB - Tactil Win11-Office365 Reacondicionado,no encontrado,$ 799.000,no encontrado
Notebook CORE I5 8 GB DE RAM SSD,no encontrado,$ 699.999,no encontrado
Notebook E7280 Essential Windows 11 - Office365 Reacondicionado,no encontrado,$ 549.000,no encontrado
Notebook Gamer 16-wf0008la I9 32GB 1TB RTX4070 8GB,no encontrado,$ 2.559.990,no encontrado
NOTEBOOK AMD RYZEN 7 PRO 8 GB DE RAM DISCO SOLIDO THINKPAD,no encontrado,$ 799.990,no encontrado
NOTEBOOK INTEL AMD RYZEN 7 PRO 8 GB DE RAM DISCO SOLIDO THINKPAD,no encontrado,$ 799.990,no encontrado
Notebook EliteBook 840 G11 Intel Core Ultra 5 16GB RAM 512GB SSD,no encontrado,$ 1.629.990,no encontrado
NOTEBOOK V14 G2 i5-1135G7 12GB RAM 256GB SSD REACONDICIONADO GRADO A,no encontrado,no encontrado,no encontrado
Notebook IDEAPAD CORE I5 8 GB DE RAM Y DISCO SOLIDO,no encontrado,$ 800.000,no encontrado
MACBOOK PRO A1990 i7 16gb Ram 512 SSD Reacondicionado Grado A,no encontrado,$ 1.399.990,no encontrado
MACBOOK PRO A1990 i9 16GB Ram 512 SSD Reacondicionado Grado A,no encontrado,$ 1.999.990,no encontrado
"Notebook Zbook Firefly 14 G8 i7 16GB 512GB 14"" W10 Pro",no encontrado,$ 1.889.990,no encontrado
"MacBook Air 13"" i5 8GB RAM 256GB SSD Plateado (2017) Reacondicionado",no encontrado,$ 749.990,no encontrado
Latitude 5450 14» Intel Core Ultra 5-125U 16GB 512GB SSD W11 Pro Gris,no encontrado,$ 1.610.990,no encontrado
NOTEBOOK INTEL CORE I5 DISCO SOLIDO SSD,no encontrado,$ 699.999,no encontrado
"Notebook Zenbook 14"" Touch Oled INTEL Ultra 7 155h 16 CORES SSD 1tb 16gb DDR5",no encontrado,no encontrado,no encontrado
G15 GAMING con Intel Core i9-13900HX y 8GB de video dedicados,no encontrado,$ 1.899.990,no encontrado
"INSPIRON 3530 Intel i7, 16GB Ram, 1TB SSD",no encontrado,$ 1.099.990,no encontrado
"Inspiron 7440-7304 Tablet y Laptop, Intel Core i7, 1TB SSD, 16GB de RAM, Pantalla de 14 Tactil",no encontrado,$ 999.990,no encontrado
NOTEBOOK THINKPAD RYZEN 7 PRO 8 GB DE RAM Y DISCO SOLIDO,no encontrado,$ 750.000,no encontrado
Notebook Celeron 4GB 64GB Win11 15.6,no encontrado,$ 269.990,no encontrado
L470 CORE I5 6200 16 GB SSD 256GB,no encontrado,$ 255.990,no encontrado
Notebook SFL16-51M-71HH-1 IntelCoreUltra7 155U 1TB SSD 16GB RAM Pantalla 16,no encontrado,$ 1.499.990,no encontrado
Notebook EliteBook 840 G10 Intel Core I7 32GB RAM 1TB SSD,no encontrado,$ 1.699.990,no encontrado
"Notebook EliteBook 840 G10 14"" Intel Core i5 16GB RAM 512GB SSD",no encontrado,$ 1.299.990,no encontrado
Notebook Thinkpad 14 MODELO T495 CORE I7 8 GB RAM,no encontrado,$ 750.000,no encontrado
IdeaPad S540-13IML con Intel Core i7 y disco SSD,no encontrado,$ 699.999,no encontrado
Macbook Air M1 8GB RAM 256GB SSD - Oro,no encontrado,$ 899.990,no encontrado
Notebook Katana con 8GB GDDR6 Gaming,no encontrado,$ 2.499.990,no encontrado
"LATITUDE 5400 14"" 16GB I7 8GEN 256SSD REACONDICIONADO",no encontrado,$ 699.990,no encontrado
Notebook CORE I5 8 GB DE RAM Y 256 GB DISCO SSD,no encontrado,$ 699.990,no encontrado
"NTBK R7 5800H/16GB/512GB/RTX 3050Ti/LED 15.6""/W10/15ACH6",no encontrado,$ 1.299.990,no encontrado
"Notebook N4020/ 8GB / 256GB /14.1""/ W11H HerobookPro (Reacondicionado)",no encontrado,$ 299.990,no encontrado
Notebook ThinkBook 14 2-en-1 4ta Gen Intel Core Ultra 7 16GB RAM 1TB SSD 14 WUXGA,no encontrado,$ 1.599.990,no encontrado
"AIO 3 - AMD Ryzen 3 5300U - Full HD 24"" - 8 GB RAM - 512GB SSD - Windows 11 Home",no encontrado,$ 1.066.990,no encontrado
Notebook IdeaPad 3 15IAU7 Pantalla Touch,no encontrado,$ 999.990,no encontrado
NOTEBOOK CORE i5 ELITEBOOK DISCO SSD,no encontrado,$ 799.990,no encontrado
Notebook INTEL CORE I5 DISCO SOLIDO,no encontrado,$ 790.000,no encontrado
"Notebook Acer Chromebook 315 15.6"" FHD Intel Celeron N4500 4GB RAM 64GB eMMC + Funda Protectora",no encontrado,$ 299.990,no encontrado
"Precision 7560 15""FHD i7-11800H 32GB RAM,1TB SSD REACONDICIONADO GRADO A",no encontrado,no encontrado,no encontrado
"Notebook ProBook 440 G10 I5-1335u 32Gb 1Tb SSD Win11H 14""",no encontrado,$ 1.384.900,no encontrado
Notebook Zenbook S 16 Amd Ryzen 9 32gb Ram 1tb Ssd Oled,no encontrado,$ 2.999.990,no encontrado
Notebook Zenbook 14 Intel Core U7 16gb 512gb Ssd 14',no encontrado,$ 1.319.990,no encontrado
"Notebook ProBook 440 G6 I5-8265 8gb 240gb Win10P 14"" (Reacond.)",no encontrado,$ 319.900,no encontrado
Notebook IdeaPad Slim 5i 8va Gen Intel Core i7 16GB RAM 512GB SSD 16 WUXGA,no encontrado,$ 999.990,no encontrado
Fuente de poder ATX 500 WATT w/2Sata Blanca,no encontrado,no encontrado,no encontrado
Notebook ThinkPad T14s Snapdragon® X Elite 6ta Gen 32GB RAM 512GB SSD 14 WUXGA Copilot,no encontrado,$ 1.999.990,no encontrado
"Notebook Thinkbook 14 G6 IRL I7-13700h 16Gb 512Gb Win11P 14""",no encontrado,$ 1.332.900,no encontrado
Victus by Laptop 16-d0539la Intel Core i5-11400H 161 8GB512GB SSD PC- Seminuevo,no encontrado,no encontrado,no encontrado
Notebook core i5 8 gb de ram y 256 gb ssd,no encontrado,$ 799.990,no encontrado
Notebook EliteBook 640 G11 Intel Core Ultra 5 16GB RAM 512GB SSD,no encontrado,$ 1.260.990,no encontrado
"Notebook 245 G8 AMD Ryzen 5 8GB SSD 256GB 14"" HD Windows 10 Pro",no encontrado,$ 699.990,no encontrado
Notebook Pavilion x360 14-ek0009la Intel Core i5 8GB RAM 512GB SSD,no encontrado,$ 831.450,no encontrado
"Notebook I5-1135G7/ 16GB/ 256GB/14""/W11P/ ThinkBook 14 G2 ITL",no encontrado,$ 799.990,no encontrado
Notebook 470 Performance I5 Windows 11 - Office365 Reacondicionado,no encontrado,$ 549.000,no encontrado
Notebook Carbon X13 Performance Windows 11 - Office365 Reacondicionado,no encontrado,$ 899.000,no encontrado
Notebook ThinkPad L480 Essential Windows 11 - Office365 Reacondicionado,no encontrado,$ 799.000,no encontrado
Notebook Latitude core i5 disco solido,no encontrado,$ 599.990,no encontrado
VIVOBOOK F1502V PROCESADOR INTELCORE I9,no encontrado,$ 1.399.999,no encontrado
ROG Zephyrus G16 GU605M RTX™ 4070 8GB,no encontrado,$ 2.599.990,no encontrado
"Notebook TUF Gaming A15 Ryzen 7 8gb 512gb RTX 2050 15,6""",no encontrado,$ 899.990,no encontrado
"Macbook Pro, 8GB de RAM, 256 GB SSD, Gris Espacial Reacondicionado",no encontrado,$ 729.990,no encontrado
Notebook Vivobook Go 14 Amd Ryzen 5 8gb Ram 512gb Ssd,no encontrado,$ 599.990,no encontrado
Notebook ELITEBOOK INTEL CORE I7 DISCO SOLIDO,no encontrado,$ 970.000,no encontrado
"NOTEBOOK GAMER VICTUS GAMING AMD Ryzen 7 512GB SSD 16GB RAM 16.1"" FHD 144Hz WIN11 RTX 4070",$ 1.229.990,$ 1.299.990,$ 1.629.990
Notebook CORE I5 8 GB DE RAM Y DISCO SOLIDO,no encontrado,$ 770.000,no encontrado
Notebook Ideapad 3-14IIL05 4GB SSD 256GB W10 PRO.,no encontrado,$ 639.990,no encontrado
Notebook Ultradelgado IdeaPad 5 83DT0036US Pantalla Touch,no encontrado,$ 1.119.990,no encontrado
Notebook Gamer 16-wd0013la I7 16GB 1TB RTX4060 FHD 144 Hz,no encontrado,$ 2.209.990,no encontrado
Notebook 14-em0002la AMD Ryzen 5 8GB RAM 512GB SSD,no encontrado,no encontrado,no encontrado
Notebook Probook 440 G8 I5-1135 G7 8GB SSD 256GB W10 Profesional.,no encontrado,$ 999.990,no encontrado
Notebook INTEL CORE I5 8 GB DE RAM DISCO SOLIDO,no encontrado,$ 799.990,no encontrado
NOTEBOOK PROBOOK 440 G10 I5-1335U 16GB 512GB W11Pro,no encontrado,$ 979.990,no encontrado
MacBook Pro 2019 16 i7 16GB RAM 512GB -Reacondicionado- Gris Espacial,no encontrado,$ 999.990,no encontrado
Notebook ThinkPadx390 I7-8565U 16GB SSD 512GB W10 Profesional.,no encontrado,$ 1.129.990,no encontrado
Notebook Pavilion Plus 14-ew1001la Intel Core Ultra 7 32GB Ram 1TB SSD,no encontrado,no encontrado,no encontrado
Notebook Thinkpad X390 I7-8565U 16GB SSD 512GB W10 Profesional.,no encontrado,$ 1.529.990,no encontrado
"Notebook thinkpad t 490 S , i7 Octava Generación",no encontrado,$ 595.000,no encontrado
NOTEBOOK CORE I5 8 GB DE RAM,no encontrado,$ 850.000,no encontrado
NOTEBOOK THINKPAD CORE I5 DISCO SOLIDO,no encontrado,$ 900.000,no encontrado
Notebook 255 G10 AMD Ryzen 7 7730U 16GB RAM 512GB SSD,no encontrado,$ 739.990,no encontrado
Precision 3551 Intel Core i5 16GB 256GB SSD Nvidia Quadro P620 4GB - Reacondicionado,no encontrado,no encontrado,no encontrado
Notebook x360 14-ek0010la Intel Core i3 8GB RAM 512GB SSD,no encontrado,$ 829.990,no encontrado
Notebook Core i5 8 gb de ram y disco solido,no encontrado,$ 790.000,no encontrado
"Notebook Intel J4125/ 8GB/ 256GB/ 14""/ W11H/ GemiBook(Reacondicionado)",no encontrado,$ 299.990,no encontrado
Notebook Gamer LOQ Core i5 32GB RAM DDR5 1.5 TB SSD NVIDIA RTX2050 4GB,no encontrado,$ 1.299.990,no encontrado
Macbook Pro 2015 i5 8GB 128GB 13.3'' Retina SSD Reacondicionado - Plata,no encontrado,$ 549.990,no encontrado
TUF Dash F15 NVIDIA GeForce RTX 3050 Ti 4GB GDDR6,no encontrado,$ 1.299.999,no encontrado
Notebook 240 G10 Intel Core I5 8GB RAM 512GB SSD,no encontrado,$ 689.990,no encontrado
Macbook Pro 2015 i5 8GB 256GB Retina SSD 13.3'' Reacondicionado - Plata,no encontrado,$ 613.990,no encontrado
Macbook Pro 2015 i5 8GB 512GB Retina SSD 13.3'' Reacondicionado - Plata,no encontrado,$ 629.990,no encontrado
Macbook Pro 2017 i5 8GB 128GB Retina SSD 13.3'' Reacondicionado - Plata,no encontrado,$ 629.990,no encontrado
Notebook Gamer 15-fb2028la R5 8GB 512GB RTX2050 4GB,no encontrado,no encontrado,no encontrado
Notebook Latitude 5400 Performance Windows 11 + Office 365 Reacondicionado,no encontrado,$ 899.000,no encontrado
Macbook Pro 2015 i7 16GB 512GB Retina SSD 15.4'' Reacondicionado - Plata,no encontrado,$ 799.990,no encontrado
Notebook Thinkpad 14 MODELO Intel core i5 8 GB RAM,no encontrado,$ 750.000,no encontrado
"MacBook Pro 16"" Core i9 16GB RAM 1TB SSD Plateado (2019) Reacondicionado",no encontrado,$ 1.699.990,no encontrado
Notebook core i5 thinkpad 8 gb de ram .,no encontrado,$ 750.000,no encontrado
Notebook Thinkpad T470 S i7 Séptima Generación,no encontrado,no encontrado,no encontrado
Notebook AceBook 8 - El mejor Laptop Precio Calidad Bautizado en YouTube,no encontrado,$ 600.000,no encontrado
Notebook CORE i5 8gb de ram ssd de 256GB,no encontrado,$ 999.990,no encontrado
Notebook core i5 thinkpad 8 gb de ram,no encontrado,$ 750.000,no encontrado
NOTEBOOK ELITEBOOK CORE I7 DISCO SOLIDO,no encontrado,$ 790.000,no encontrado
Notebook Katana con nVidia de 6GB GDDR6,no encontrado,no encontrado,no encontrado
Notebook XPS 7275 TOUCH 2 EN 1 Advanced Windows 10 - Office365,no encontrado,$ 799.000,no encontrado
Portrait 3 + cinch Verde S112,$ 369.990,$ 389.900,$ 599.900
"Notebook Gamer AORUS 15 Intel Core I7-13700H 8GB RAM 512GB SSD RTX 4060 8GB 15.6"" QHD 360Hz",no encontrado,$ 1.999.990,no encontrado
"XPS 9350 13.3"" i5-7200U 256SSD 8gbram fullHD OPENBOX",no encontrado,$ 689.000,no encontrado
"Notebook 250 G8 Intel Core i5-1135G7 8 GB RAM 256 GB SSD 15,6"" Win 10 Pro",no encontrado,$ 779.990,no encontrado
Notebook Tuf A15 144hz Ryzen 7 6800hs SSD 512GB 16gb DDR5 NVIDIA Rtx 2050,no encontrado,no encontrado,no encontrado
Macbook Pro 2017 i5 8GB 128GB Retina SSD 13.3'' Reacondicionado - Gris Espacial,no encontrado,$ 629.990,no encontrado
Notebook 250 G10 i3-1315U 8 GB Ram 256GB SSD W11Pro,no encontrado,no encontrado,no encontrado
MacBook Air 2017 i5 8GB RAM 500GB 13.3 SSD Reacondicionado - Plata,no encontrado,$ 529.990,no encontrado
"Notebook 250 G10 I5-1334U, 16GB Ram, 512GB SSD, W11P 15,6""",no encontrado,no encontrado,no encontrado
Notebook Vivobook S 15 Snapdragon X 16gb Ram 512gb Ssd,no encontrado,$ 1.499.990,no encontrado
Notebook thinkpad CORE I5 8 GB DE RAM Y DISCO SOLIDO SSD,no encontrado,$ 890.000,no encontrado
Notebook Intel Core i5 8 GB RAM 256 SSD 10 GEN,no encontrado,$ 799.990,no encontrado
Notebook Legion Pro 7i Gen 9 Intel Core i9 32GB RAM 1TB SSD RTX 4080 16'',no encontrado,$ 3.699.990,no encontrado
Notebook thinkpad CORE I5 8 GB DE RAM Y 256 GB DE DISCO DURO,no encontrado,$ 600.000,no encontrado
Notebook 460 (I5 6TH - 16GB - 256GB) (Win11-Office365) Reacondicionado,no encontrado,$ 549.000,no encontrado
Notebook INTEL CORE I7 16 GB DE RAM DISCO SOLIDO,no encontrado,$ 799.990,no encontrado
MACBOOK PRO A1706 I5 - 8GB RAM - 512GB SSD REACONDICIONADO A,no encontrado,$ 799.990,no encontrado
Notebook e7270 i5 6° Gen 8gb ram 256ssd,no encontrado,$ 340.000,no encontrado
Notebook LATITUDE 7400 I5 8°Gen 8GB RAM,no encontrado,$ 450.000,no encontrado
Notebook I5 8°Gen 8GB RAM,no encontrado,$ 450.000,no encontrado
Notebook core i5 8 gb de ram y disco solido,no encontrado,$ 950.000,no encontrado
NOTEBOOK CORE I5 DISCO SOLIDO 12.5,no encontrado,$ 799.990,no encontrado
NOTEBOOK CORE I5 DISCO SOLIDO,no encontrado,$ 799.990,no encontrado
"Macbook Pro A2141 16"" Core i7 2.6Ghz Turbo Boost 16 GB Ram 512GB SSD Reacondicionado",no encontrado,$ 1.599.990,no encontrado
Notebook Gamer LOQ 9na Gen Intel Core i5 24GB RAM 512GB SSD NVIDIA RTX™ 4050 15,no encontrado,$ 1.499.990,no encontrado
Notebook ThinkPad P14s 5ta Gen Intel Core Ultra 7 32GB RAM 512GB SSD RTX 500 16 WQUXGA W11 Pro,no encontrado,$ 1.999.990,no encontrado
"Notebook i5-L16G7/ 8GB/ 512GB/ 13.3""/ W10P ThinkPad X1 Fold",no encontrado,$ 999.990,no encontrado
"Galaxy Book 4 Pro (14 pulgadas, Intel® Core Ultra 5, 16GB)",no encontrado,$ 1.699.990,no encontrado
Notebook Intel N4020 8GB 256GB SSD 141 W11H HerobookPro,no encontrado,$ 359.990,no encontrado
Notebook X409FA-EK041 I5-8145U 8Gb 240Gb SSD FreeDOS (Reacondicionado),no encontrado,$ 349.900,no encontrado
Notebook Vivobook 15 i9 13va 16GB 1TB SSD 15.6 FHD W11,no encontrado,$ 1.499.990,no encontrado
Notebook 840 G11 U7-155u 32Gb 1Tb Win11P 14´´,no encontrado,$ 1.844.900,no encontrado
NOTEBOOK CORE I5 8 GB DE RAM Y 256 GB DE DISCO SOLIDO,no encontrado,$ 800.000,no encontrado
Notebook THINKPAD CORE I5 8 GB DE RAM Y 256 GB DE DISCO DURO,no encontrado,$ 600.000,no encontrado
Notebook Vivobook 16 Intel Core I7 16gb Ram 512gb Ssd,no encontrado,$ 999.990,no encontrado
Notebook 14-dq5001la Intel Core i5 8GB RAM 512GB SSD,no encontrado,no encontrado,no encontrado
Notebook Thinkpad AMD RYZEN 7 512 GB DISCO DURO SOLIDO,no encontrado,$ 650.000,no encontrado
NOTEBOOK INTEL CORE I5 DISCO SOLIDO THINKPAD,no encontrado,$ 799.990,no encontrado
Notebook thinkpad T470 CORE I5 8GB de ram,no encontrado,$ 800.000,no encontrado
Notebook Gamer 17-db0009la R9 32GB 1TB RTX4060 8GB,no encontrado,$ 2.199.990,no encontrado
Notebook Zenbook S 14 Core Ultra7 32gb Ram 1tb Ssd Oled,no encontrado,$ 2.199.990,no encontrado
Notebook Pavilion 15-eg2506la Intel Core i7 12GB Ram 512GB SSD,no encontrado,no encontrado,no encontrado
Notebook Gamer 16-wf1000la I9 32GB Ram 1TB SSD RTX4070 8GB,no encontrado,$ 3.119.990,no encontrado
"Surface 9 Pro con Intel Core i7, 16GB Ram, lapiz, carcaza y regalos incluidos",no encontrado,$ 1.799.990,no encontrado
"AIO ThinkCentre M90A G3 i7-12700 vPro 16GB 512 GB SSD 23.8"" Win 11 Pro",no encontrado,$ 2.199.990,no encontrado
"HP ZBook Studio G10 I7-13700H vPro, 32GB Ram, 1TB SSD, Tarjeta de video RTX 2000 con 8GB",no encontrado,$ 2.399.990,no encontrado
Laptop 15-DY2089MS i7 12GB Ram Disco SSD,no encontrado,$ 799.999,no encontrado
Notebook I7-10510U MX130 2GB 12GB 1TB+128GB 156 WH11 15DW1064LA - Plateado,no encontrado,$ 799.990,no encontrado
Notebook Zenbook Duo Intel Core I9 32gb Ram 1tb Ssd,no encontrado,$ 2.499.990,no encontrado
Soporte Portatil de Aluminio para Notebook,no encontrado,$ 13.990,no encontrado
Notebook i3-N3055 8GB Ram 512GB SSD 156 FHD Ideapad - Gris,no encontrado,$ 699.990,no encontrado
Notebook Thinkpad 14 PULGADAS CORE i5 8 GB RAM,no encontrado,$ 750.000,no encontrado
NOTEBOOKS elitebook 830 g7/ i7-10610U / 8GB /256 SSD/ REACONDICIONADO GRADO B,no encontrado,no encontrado,no encontrado
NOTEBOOK Latitude 7290 i7-8va 16gb 256gb SSD REACONDICIONADO GRADO A,no encontrado,no encontrado,no encontrado
NOTEBOOK INTEL CORE I5 THINKPAD,no encontrado,$ 799.990,no encontrado
NOTEBOOK CORE I5 LATITUDE,no encontrado,$ 699.999,no encontrado
Notebook Thinkpad Intel core i5 8 GB RAM,no encontrado,$ 750.000,no encontrado
Notebook Galaxy Book3 Pro i7-1360P 14 AMOLED WQXGA+ 120Hz 16GB 512GB,no encontrado,$ 1.899.990,no encontrado
NOTEBOOK THINKPAD CORE I7 16 GB DE RAM DISCO SOLIDO,no encontrado,$ 799.990,no encontrado
"Notebook Gamer Intel Core i7-13620H 16GB RAM 512GB SSD RTX 4060 15,6"" FHD IPS 144HZ open box",no encontrado,$ 1.599.990,no encontrado
"Legion 16IRX9 Core™ i7-13650HX 1TB SSD 32GB RTX 4060 8GB 16"" WQXGA165Hz AI-Powered Nuevo",no encontrado,$ 1.990.000,no encontrado
NOTEBOOK P1 4ta Gen i7-11800H 512GB SSD 32GB RAM GEFORCE 4GB 2K GRADO A,no encontrado,no encontrado,no encontrado
NOTEBOOK P1 4ta Gen i7-11800H 512GB SSD 32GB RAM GEFORCE 4GB 2K GRADO A,no encontrado,no encontrado,no encontrado
Notebook Core i5 OCTAVA GEN 840 DISCO SOLIDO,no encontrado,$ 970.000,no encontrado
Thinkpad X1 Carbon Intel Core i5 4GB 256GB SSD,no encontrado,no encontrado,no encontrado
Notebook Rog Zephyrus G16 Intel Core Ultra 9 32gb 1tb Ssd 16 RTX 4070,no encontrado,no encontrado,no encontrado
Notebook Tuf Gaming F15 I5 16gb Ram 512gb Ssd Rtx3050,no encontrado,no encontrado,no encontrado
Notebook Intel Core i5 8 GB RAM 256 SSD,no encontrado,$ 799.990,no encontrado
Notebook Gamer Katana AMD Ryzen 7-8845HS 16gb RAM 1TB SSD NVIDIA GeForce RTX4060 144 Hz,no encontrado,$ 1.869.990,no encontrado
Notebook 250 G10 I7-1355U 16GB Ram 512GB SSD W11Pro,no encontrado,no encontrado,no encontrado
Notebook INTEL CORE I5 14 PULGADAS 8 GB DE RAM Y DISCO SOLIDO,no encontrado,$ 599.990,no encontrado
Notebook CORE I5 DISCO SOLIDO SSD TECLADO RETROLUMINADO,no encontrado,$ 699.999,no encontrado
Notebook Intel Core i5 8 GB RAM 256 SSD,no encontrado,$ 799.990,no encontrado
Notebook Tuf Gaming F15 I7 16gb Ram 512gb Ssd Rtx4060,no encontrado,$ 1.799.990,no encontrado
Portatil Galaxy Book3 360 13,no encontrado,$ 1.499.990,no encontrado
Notebook Tuf A15 144hz Ryzen 7 6800hs SSD 512GB 16gb DDR5 NVIDIA Rtx 2050,no encontrado,no encontrado,no encontrado
Notebook Tuf A15 144hz Ryzen 7 6800hs SSD 512GB 16gb DDR5 NVIDIA Rtx 2050,no encontrado,no encontrado,no encontrado
"MacBook Air 2014, i5, 8GB, 256 GB, 13"" Reacondicionado - Plata",no encontrado,$ 359.990,no encontrado
NOTEBOOK thinkpad intel core i5 disco solido,no encontrado,$ 900.000,no encontrado
Notebook core i5 Elitebook 8 gb de ram disco 256 gb ssd,no encontrado,$ 799.990,no encontrado
"MacBook Air 11.6"" Core i5 4GB RAM 128 GB SSD Plateado (2015) Reacondicionado",no encontrado,$ 449.990,no encontrado
"Notebook E41-55, Ryzen 3 3300U, 4GB Ram, SSD 256GB, LED 14"" FHD, W10 Pro",no encontrado,$ 599.990,no encontrado
Notebook 14 CORE I5 DISCO SOLIDO,no encontrado,$ 770.000,no encontrado
Latitude 5280 256GB SSD 16GB RAM Intel Core i5 - Reacondicionado,no encontrado,no encontrado,no encontrado
Notebook I9-14900HXRTX 4080 12GB 32GB 1TB 16 W11P ZERO,no encontrado,$ 3.349.990,no encontrado
"Notebook E41-55, Ryzen 5 3500U, 8GB Ram, SSD 256GB Nvme, LED 14"" FHD, W10 Pro",no encontrado,$ 699.990,no encontrado
Notebook Gamer IdeaPad Gaming 3i laptop,no encontrado,$ 1.299.990,no encontrado
Portrait 3 + insumos SBF50,$ 264.990,$ 279.900,$ 325.900
X1 Yoga Intel Core I5 16Ram 256 SSD - Reacondicionado,no encontrado,no encontrado,no encontrado
Alienware M16 RTX 4070 con 8GB dedicados,no encontrado,$ 2.399.990,no encontrado
"Macbook Air 2017 i5 8GB 128GB SSD 13"" Reacondicionado - Plata",no encontrado,$ 399.990,no encontrado
Notebook Intel Core i5-1335U 16GB RAM 512GB SSD 15.6 Touchscreen,no encontrado,$ 829.990,no encontrado
Notebook t490 i5 10ma gen 8gb de ram SSD de 512gb Disco Solido FHD,no encontrado,$ 999.990,no encontrado
"Notebook LATITUDE 5310 con Intel i7, 16GB Ram y 512 GB SSD REACONDICIONADO GRADO A",no encontrado,no encontrado,no encontrado
840 G1 CORE I5 4300U 12 GB SSD 256 GB,no encontrado,$ 219.000,no encontrado
"Notebook AL15-41P-R0ZY-1 - AMD Ryzen™ 7 5700U - 32GB RAM - 512GB SSD - 15,6"" FHD",no encontrado,$ 699.990,no encontrado
NOTEBOOK 250 G10 i3-1315U 8GB 256GB FreeDOS (sin windows),no encontrado,$ 499.990,no encontrado
Notebook OMEN 16-wf0002la Intel Core i9 32 GB RAM NVIDIA GeForce RTX 4070 1 TB SSD.,no encontrado,$ 2.999.990,no encontrado
Notebook V14 i5 13420H 16GB 512GB SSD 14,no encontrado,$ 769.990,no encontrado
"Macbook Air 2015, Intel i5, 8GB, 128GB Reacondicionado",no encontrado,$ 359.990,no encontrado
Notebook thinkpad CORE I5 8 GB DE RAM Y DISCO SOLIDO SSD,no encontrado,$ 890.000,no encontrado
Notebook 2 en 1 Pavilion 14-ek1011la I5 8GB RAM 512GB SSD,no encontrado,$ 959.990,no encontrado
Latitude 7520 WorkStation 16GB RAM 256 SSD Radeon pro Wx4150 2GB Intel Xeon Quad Core,no encontrado,no encontrado,no encontrado
Ideapad 3 15 Intel Core i 3 con 8GB Ram y pantalla Touch,no encontrado,$ 499.990,no encontrado
Notebook Thinkpad Intel core i5 8 GB RAM DISCO SOLIDO,no encontrado,$ 750.000,no encontrado
TUF Dash F15 NVIDIA GeForce RTX 3070 (8 GB) GDDR6,no encontrado,$ 1.999.999,no encontrado
"Notebook con Procesador i7 , 16GB Ram, 1TB SSD y windows 10 Pro",no encontrado,$ 1.499.999,no encontrado
"Notebook Gamer Victus Intel Core i7-13620H,16GB RAM 512GB SSD NVIDIA GeForce RTX 4060",$ 1.169.990,$ 1.229.990,$ 1.539.990
Notebook core i5 8 gb de ram y disco solido,no encontrado,$ 950.000,no encontrado
NOTEBOOK CORE i5 ELITEBOOK DISCO SSD,no encontrado,$ 799.990,no encontrado
